Workbook

Sheet Volúmenes DIstribuidos 
A1: Nro. | B1: Fecha de despacho | C1: Producto / Alimento | D1: Peso unitario (kg) | E1: Peso bruto total (kg) | F1: Nº Beneficiarios | G1: Nº Niños | H1: N°Adultos
A3: 1 | B3: 44047 | C3: Aceite o grasas | D3: 23 | E3: =SUM(D3:D8) -> 138 | F3: =INT(MAX(D3:D8)) -> 23 | G3: =INT((F3/10)*2) -> 4 | H3: =F3-G3 -> 19
C4: Panadería | D4: 23
C5: Vegetales y hojas | D5: 23
C6: Fideo | D6: 23
C7: Carnes rojas | D7: 23
C8: Azúcar o dulce | D8: 23
A9: 2 | B9: 44050 | C9: Menestras | D9: 11.59 | E9: =SUM(D9:D14) -> 103.351 | F9: =INT(MAX(D9:D14)) -> 25 | G9: =INT((F9/10)*2) -> 5 | H9: =F9-G9 -> 20
C10: Vegetales y hojas | D10: 25.83
C11: Otros almidones | D11: 8.371
C12: Carnes blancas | D12: 20.34
C13: Azúcar o dulce | D13: 22.34
C14: Fideo | D14: 14.88
A15: 3 | B15: 44054 | C15: Lácteos | D15: 4.23 | E15: =SUM(D15:D20) -> 61.616 | F15: =INT(MAX(D15:D20)) -> 33 | G15: =INT((F15/10)*2) -> 6 | H15: =F15-G15 -> 27
C16: Vegetales y hojas | D16: 5.306
C17: Carnes blancas | D17: 7.09
C18: Aceite o grasas | D18: 6.87
C19: Menestras | D19: 33.06
C20: Azúcar o dulce | D20: 5.06
A21: 4 | B21: 44057 | C21: Carnes rojas | D21: 66.276 | E21: =SUM(D21:D26) -> 458.686 | F21: =INT(MAX(D21:D26)) -> 119 | G21: =INT((F21/10)*2) -> 23 | H21: =F21-G21 -> 96
C22: Menestras | D22: 34.63
C23: Aceite o grasas | D23: 77.75
C24: Panadería | D24: 103.38
C25: Otros almidones | D25: 119.26
C26: Azúcar o dulce | D26: 57.39
A27: 5 | B27: 44061 | C27: Otros almidones | D27: 49.58 | E27: =SUM(D27:D32) -> 339.181 | F27: =INT(MAX(D27:D32)) -> 134 | G27: =INT((F27/10)*2) -> 26 | H27: =F27-G27 -> 108
C28: Carnes blancas | D28: 72.34
C29: Panadería | D29: 35.47
C30: Aceite o grasas | D30: 12.21
C31: Vegetales y hojas | D31: 134.52
C32: Fideo | D32: 35.061
A33: 6 | B33: 44064 | C33: Salsas | D33: 60 | E33: =SUM(D33:D38) -> 352.493 | F33: =INT(MAX(D33:D38)) -> 80 | G33: =INT((F33/10)*2) -> 16 | H33: =F33-G33 -> 64
C34: Lácteos | D34: 55.62
C35: Carnes blancas | D35: 58.76
C36: Menestras | D36: 21.823
C37: Aceite o grasas | D37: 80.18
C38: Panadería | D38: 76.11
A39: 7 | B39: 44068 | C39: Azúcar o dulce | D39: 11.72 | E39: =SUM(D39:D44) -> 85.272 | F39: =INT(MAX(D39:D44)) -> 38 | G39: =INT((F39/10)*2) -> 7 | H39: =F39-G39 -> 31
C40: Otros almidones | D40: 11.88
C41: Menestras | D41: 4.49
C42: Salsas | D42: 6.71
C43: Lácteos | D43: 11.58
C44: Carnes blancas | D44: 38.892
A45: 8 | B45: 44071 | C45: Menestras | D45: 18.23 | E45: =SUM(D45:D50) -> 92.402 | F45: =INT(MAX(D45:D50)) -> 23 | G45: =INT((F45/10)*2) -> 4 | H45: =F45-G45 -> 19
C46: Aceite o grasas | D46: 12
C47: Lácteos | D47: 11.13
C48: Carnes blancas | D48: 23.26
C49: Otros almidones | D49: 21.06
C50: Vegetales y hojas | D50: 6.722
A51: 9 | B51: 44075 | C51: Aceite o grasas | D51: 12.04 | E51: =SUM(D51:D56) -> 83.609 | F51: =INT(MAX(D51:D56)) -> 22 | G51: =INT((F51/10)*2) -> 4 | H51: =F51-G51 -> 18
C52: Carnes blancas | D52: 7.18
C53: Vegetales y hojas | D53: 19.566
C54: Menestras | D54: 22.52
C55: Otros almidones | D55: 10.19
C56: Vegetales y hojas | D56: 12.113
A57: 10 | B57: 44078 | C57: Carnes rojas | D57: 45.18 | E57: =SUM(D57:D62) -> 216.475 | F57: =INT(MAX(D57:D62)) -> 59 | G57: =INT((F57/10)*2) -> 11 | H57: =F57-G57 -> 48
C58: Fideo | D58: 13.76
C59: Salsas | D59: 31.83
C60: Azúcar o dulce | D60: 35.91
C61: Carnes blancas | D61: 29.87
C62: Lácteos | D62: 59.925
A63: 11 | B63: 44082 | C63: Menestras | D63: 107.36 | E63: =SUM(D63:D68) -> 240.124 | F63: =INT(MAX(D63:D68)) -> 107 | G63: =INT((F63/10)*2) -> 21 | H63: =F63-G63 -> 86
C64: Fideo | D64: 49.34
C65: Carnes blancas | D65: 26.53
C66: Aceite o grasas | D66: 24.974
C67: Azúcar o dulce | D67: 12.29
C68: Otros almidones | D68: 19.63
A69: 12 | B69: 44085 | C69: Fideo | D69: 11.66 | E69: =SUM(D69:D74) -> 82.57 | F69: =INT(MAX(D69:D74)) -> 27 | G69: =INT((F69/10)*2) -> 5 | H69: =F69-G69 -> 22
C70: Carnes blancas | D70: 4.87
C71: Lácteos | D71: 19.64
C72: Panadería | D72: 27.06
C73: Otros almidones | D73: 10.3
C74: Panadería | D74: 9.04
A75: 13 | B75: 44089 | C75: Salsas | D75: 6.73 | E75: =SUM(D75:D80) -> 166.596 | F75: =INT(MAX(D75:D80)) -> 56 | G75: =INT((F75/10)*2) -> 11 | H75: =F75-G75 -> 45
C76: Aceite o grasas | D76: 56.588
C77: Panadería | D77: 23.79
C78: Carnes rojas | D78: 23.26
C79: Lácteos | D79: 13.52
C80: Carnes blancas | D80: 42.708
A81: 14 | B81: 44092 | C81: Panadería | D81: 32.65 | E81: =SUM(D81:D86) -> 235.587 | F81: =INT(MAX(D81:D86)) -> 71 | G81: =INT((F81/10)*2) -> 14 | H81: =F81-G81 -> 57
C82: Aceite o grasas | D82: 31.97
C83: Vegetales y hojas | D83: 34.651
C84: Otros almidones | D84: 29.73
C85: Menestras | D85: 71.02
C86: Fideo | D86: 35.566
A87: 15 | B87: 44096 | C87: Otros almidones | D87: 19.03 | E87: =SUM(D87:D92) -> 183.447 | F87: =INT(MAX(D87:D92)) -> 45 | G87: =INT((F87/10)*2) -> 9 | H87: =F87-G87 -> 36
C88: Salsas | D88: 27.13
C89: Menestras | D89: 28.91
C90: Panadería | D90: 29.18
C91: Carnes blancas | D91: 34.167
C92: Carnes blancas | D92: 45.03
A93: 16 | B93: 44099 | C93: Lácteos | D93: 53.59 | E93: =SUM(D93:D98) -> 284.768 | F93: =INT(MAX(D93:D98)) -> 80 | G93: =INT((F93/10)*2) -> 16 | H93: =F93-G93 -> 64
C94: Carnes rojas | D94: 80.502
C95: Azúcar o dulce | D95: 66.19
C96: Otros almidones | D96: 38.42
C97: Lácteos | D97: 29.936
C98: Otros almidones | D98: 16.13
A99: 17 | B99: 44103 | C99: Vegetales y hojas | D99: 11.01 | E99: =SUM(D99:D104) -> 221.448 | F99: =INT(MAX(D99:D104)) -> 86 | G99: =INT((F99/10)*2) -> 17 | H99: =F99-G99 -> 69
C100: Salsas | D100: 23.99
C101: Panadería | D101: 45.815
...

Sheet Inventario
A1: Fecha | B1: Categoría de Alimento | C1: Tipo Movimiento | D1: Cantidad (kg) | E1: Stock Disponible (kg)
A2: 43980 | B2: Azúcar o dulce | C2: ENTRADA | D2: 69.52 | E2: =SUMIF('Parametros Inventario'!$A:$A,B2,'Parametros Inventario'!$B:$B)+SUMIFS(D$2:D2,B$2:B2,B2,C$2:C2,"ENTRADA")-SUMIFS(D$2:D2,B$2:B2,B2,C$2:C2,"SALIDA") -> 2026.52
A3: 43980 | B3: Otros almidones | C3: ENTRADA | D3: 219.21 | E3: =SUMIF('Parametros Inventario'!$A:$A,B3,'Parametros Inventario'!$B:$B)+SUMIFS(D$2:D3,B$2:B3,B3,C$2:C3,"ENTRADA")-SUMIFS(D$2:D3,B$2:B3,B3,C$2:C3,"SALIDA") -> 1590.21
A4: 43980 | B4: Fideo | C4: ENTRADA | D4: 150.69 | E4: =SUMIF('Parametros Inventario'!$A:$A,B4,'Parametros Inventario'!$B:$B)+SUMIFS(D$2:D4,B$2:B4,B4,C$2:C4,"ENTRADA")-SUMIFS(D$2:D4,B$2:B4,B4,C$2:C4,"SALIDA") -> 1493.69
A5: 43980 | B5: Panadería | C5: ENTRADA | D5: 189.74 | E5: =SUMIF('Parametros Inventario'!$A:$A,B5,'Parametros Inventario'!$B:$B)+SUMIFS(D$2:D5,B$2:B5,B5,C$2:C5,"ENTRADA")-SUMIFS(D$2:D5,B$2:B5,B5,C$2:C5,"SALIDA") -> 856.74
A6: 43980 | B6: Menestras | C6: ENTRADA | D6: 244.71 | E6: =SUMIF('Parametros Inventario'!$A:$A,B6,'Parametros Inventario'!$B:$B)+SUMIFS(D$2:D6,B$2:B6,B6,C$2:C6,"ENTRADA")-SUMIFS(D$2:D6,B$2:B6,B6,C$2:C6,"SALIDA") -> 932.71
A7: 43980 | B7: Carnes rojas | C7: ENTRADA | D7: 268 | E7: =SUMIF('Parametros Inventario'!$A:$A,B7,'Parametros Inventario'!$B:$B)+SUMIFS(D$2:D7,B$2:B7,B7,C$2:C7,"ENTRADA")-SUMIFS(D$2:D7,B$2:B7,B7,C$2:C7,"SALIDA") -> 895
A8: 43980 | B8: Carnes blancas | C8: ENTRADA | D8: 196.08 | E8: =SUMIF('Parametros Inventario'!$A:$A,B8,'Parametros Inventario'!$B:$B)+SUMIFS(D$2:D8,B$2:B8,B8,C$2:C8,"ENTRADA")-SUMIFS(D$2:D8,B$2:B8,B8,C$2:C8,"SALIDA") -> 1566.08
A9: 43980 | B9: Lácteos | C9: ENTRADA | D9: 209.12 | E9: =SUMIF('Parametros Inventario'!$A:$A,B9,'Parametros Inventario'!$B:$B)+SUMIFS(D$2:D9,B$2:B9,B9,C$2:C9,"ENTRADA")-SUMIFS(D$2:D9,B$2:B9,B9,C$2:C9,"SALIDA") -> 975.12
A10: 43980 | B10: Salsas | C10: ENTRADA | D10: 299.13 | E10: =SUMIF('Parametros Inventario'!$A:$A,B10,'Parametros Inventario'!$B:$B)+SUMIFS(D$2:D10,B$2:B10,B10,C$2:C10,"ENTRADA")-SUMIFS(D$2:D10,B$2:B10,B10,C$2:C10,"SALIDA") -> 1774.13
A11: 43980 | B11: Vegetales y hojas | C11: ENTRADA | D11: 222.25 | E11: =SUMIF('Parametros Inventario'!$A:$A,B11,'Parametros Inventario'!$B:$B)+SUMIFS(D$2:D11,B$2:B11,B11,C$2:C11,"ENTRADA")-SUMIFS(D$2:D11,B$2:B11,B11,C$2:C11,"SALIDA") -> 1161.25
A12: 43980 | B12: Aceite o grasas | C12: ENTRADA | D12: 286.96 | E12: =SUMIF('Parametros Inventario'!$A:$A,B12,'Parametros Inventario'!$B:$B)+SUMIFS(D$2:D12,B$2:B12,B12,C$2:C12,"ENTRADA")-SUMIFS(D$2:D12,B$2:B12,B12,C$2:C12,"SALIDA") -> 1699.96
A13: 43987 | B13: Azúcar o dulce | C13: ENTRADA | D13: 232.93 | E13: =SUMIF('Parametros Inventario'!$A:$A,B13,'Parametros Inventario'!$B:$B)+SUMIFS(D$2:D13,B$2:B13,B13,C$2:C13,"ENTRADA")-SUMIFS(D$2:D13,B$2:B13,B13,C$2:C13,"SALIDA") -> 2259.45
... A45: 44033 | B45: Aceite o grasas | C45: ENTRADA | D45: 95.77 | E45: =SUMIF('Parametros Inventario'!$A:$A,B45,'Parametros Inventario'!$B:$B)+SUMIFS(D$2:D45,B$2:B45,B45,C$2:C45,"ENTRADA")-SUMIFS(D$2:D45,B$2:B45,B45,C$2:C45,"SALIDA") -> 2039.03
A46: ='Volúmenes DIstribuidos '!B3 -> 44047 | B46: =IF(OR('Volúmenes DIstribuidos '!C3="Azúcar",'Volúmenes DIstribuidos '!C3="azúcar"),"Azúcar o dulce",IF('Volúmenes DIstribuidos '!C3="Aceite","Aceite o grasas",IF('Volúmenes DIstribuidos '!C3="Avena","Otros almidones",'Volúmenes DIstribuidos '!C3))) -> Aceite o grasas | C46: SALIDA | D46: ='Volúmenes DIstribuidos '!D3 -> 23 | E46: =SUMIF('Parametros Inventario'!$A:$A,B46,'Parametros Inventario'!$B:$B)+SUMIFS(D$2:D46,B$2:B46,B46,C$2:C46,"ENTRADA")-SUMIFS(D$2:D46,B$2:B46,B46,C$2:C46,"SALIDA") -> 2016.03
A47: ='Volúmenes DIstribuidos '!B3 -> 44047 | B47: =IF(OR('Volúmenes DIstribuidos '!C4="Azúcar",'Volúmenes DIstribuidos '!C4="azúcar"),"Azúcar o dulce",IF('Volúmenes DIstribuidos '!C4="Aceite","Aceite o grasas",IF('Volúmenes DIstribuidos '!C4="Avena","Otros almidones",'Volúmenes DIstribuidos '!C4))) -> Panadería | C47: SALIDA | D47: ='Volúmenes DIstribuidos '!D4 -> 23 | E47: =SUMIF('Parametros Inventario'!$A:$A,B47,'Parametros Inventario'!$B:$B)+SUMIFS(D$2:D47,B$2:B47,B47,C$2:C47,"ENTRADA")-SUMIFS(D$2:D47,B$2:B47,B47,C$2:C47,"SALIDA") -> 1347.6
A48: ='Volúmenes DIstribuidos '!B3 -> 44047 | B48: =IF(OR('Volúmenes DIstribuidos '!C5="Azúcar",'Volúmenes DIstribuidos '!C5="azúcar"),"Azúcar o dulce",IF('Volúmenes DIstribuidos '!C5="Aceite","Aceite o grasas",IF('Volúmenes DIstribuidos '!C5="Avena","Otros almidones",'Volúmenes DIstribuidos '!C5))) -> Vegetales y hojas | C48: SALIDA | D48: ='Volúmenes DIstribuidos '!D5 -> 23 | E48: =SUMIF('Parametros Inventario'!$A:$A,B48,'Parametros Inventario'!$B:$B)+SUMIFS(D$2:D48,B$2:B48,B48,C$2:C48,"ENTRADA")-SUMIFS(D$2:D48,B$2:B48,B48,C$2:C48,"SALIDA") -> 1663.43
A49: ='Volúmenes DIstribuidos '!B3 -> 44047 | B49: =IF(OR('Volúmenes DIstribuidos '!C6="Azúcar",'Volúmenes DIstribuidos '!C6="azúcar"),"Azúcar o dulce",IF('Volúmenes DIstribuidos '!C6="Aceite","Aceite o grasas",IF('Volúmenes DIstribuidos '!C6="Avena","Otros almidones",'Volúmenes DIstribuidos '!C6))) -> Fideo | C49: SALIDA | D49: ='Volúmenes DIstribuidos '!D6 -> 23 | E49: =SUMIF('Parametros Inventario'!$A:$A,B49,'Parametros Inventario'!$B:$B)+SUMIFS(D$2:D49,B$2:B49,B49,C$2:C49,"ENTRADA")-SUMIFS(D$2:D49,B$2:B49,B49,C$2:C49,"SALIDA") -> 1874.66
A50: ='Volúmenes DIstribuidos '!B3 -> 44047 | B50: =IF(OR('Volúmenes DIstribuidos '!C7="Azúcar",'Volúmenes DIstribuidos '!C7="azúcar"),"Azúcar o dulce",IF('Volúmenes DIstribuidos '!C7="Aceite","Aceite o grasas",IF('Volúmenes DIstribuidos '!C7="Avena","Otros almidones",'Volúmenes DIstribuidos '!C7))) -> Carnes rojas | C50: SALIDA | D50: ='Volúmenes DIstribuidos '!D7 -> 23 | E50: =SUMIF('Parametros Inventario'!$A:$A,B50,'Parametros Inventario'!$B:$B)+SUMIFS(D$2:D50,B$2:B50,B50,C$2:C50,"ENTRADA")-SUMIFS(D$2:D50,B$2:B50,B50,C$2:C50,"SALIDA") -> 1545.46
A51: ='Volúmenes DIstribuidos '!B3 -> 44047 | B51: =IF(OR('Volúmenes DIstribuidos '!C8="Azúcar",'Volúmenes DIstribuidos '!C8="azúcar"),"Azúcar o dulce",IF('Volúmenes DIstribuidos '!C8="Aceite","Aceite o grasas",IF('Volúmenes DIstribuidos '!C8="Avena","Otros almidones",'Volúmenes DIstribuidos '!C8))) -> Azúcar o dulce | C51: SALIDA | D51: ='Volúmenes DIstribuidos '!D8 -> 23 | E51: =SUMIF('Parametros Inventario'!$A:$A,B51,'Parametros Inventario'!$B:$B)+SUMIFS(D$2:D51,B$2:B51,B51,C$2:C51,"ENTRADA")-SUMIFS(D$2:D51,B$2:B51,B51,C$2:C51,"SALIDA") -> 2420.83
A52: 44050 | B52: Azúcar o dulce | C52: ENTRADA | D52: 234.92 | E52: =SUMIF('Parametros Inventario'!$A:$A,B52,'Parametros Inventario'!$B:$B)+SUMIFS(D$2:D52,B$2:B52,B52,C$2:C52,"ENTRADA")-SUMIFS(D$2:D52,B$2:B52,B52,C$2:C52,"SALIDA") -> 2655.75
A53: 44050 | B53: Otros almidones | C53: ENTRADA | D53: 50.52 | E53: =SUMIF('Parametros Inventario'!$A:$A,B53,'Parametros Inventario'!$B:$B)+SUMIFS(D$2:D53,B$2:B53,B53,C$2:C53,"ENTRADA")-SUMIFS(D$2:D53,B$2:B53,B53,C$2:C53,"SALIDA") -> 2027.78
A54: 44050 | B54: Fideo | C54: ENTRADA | D54: 186.88 | E54: =SUMIF('Parametros Inventario'!$A:$A,B54,'Parametros Inventario'!$B:$B)+SUMIFS(D$2:D54,B$2:B54,B54,C$2:C54,"ENTRADA")-SUMIFS(D$2:D54,B$2:B54,B54,C$2:C54,"SALIDA") -> 2061.54
A55: 44050 | B55: Panadería | C55: ENTRADA | D55: 66.89 | E55: =SUMIF('Parametros Inventario'!$A:$A,B55,'Parametros Inventario'!$B:$B)+SUMIFS(D$2:D55,B$2:B55,B55,C$2:C55,"ENTRADA")-SUMIFS(D$2:D55,B$2:B55,B55,C$2:C55,"SALIDA") -> 1414.49
A56: 44050 | B56: Menestras | C56: ENTRADA | D56: 61.17 | E56: =SUMIF('Parametros Inventario'!$A:$A,B56,'Parametros Inventario'!$B:$B)+SUMIFS(D$2:D56,B$2:B56,B56,C$2:C56,"ENTRADA")-SUMIFS(D$2:D56,B$2:B56,B56,C$2:C56,"SALIDA") -> 1330.48
A57: 44050 | B57: Carnes rojas | C57: ENTRADA | D57: 170.29 | E57: =SUMIF('Parametros Inventario'!$A:$A,B57,'Parametros Inventario'!$B:$B)+SUMIFS(D$2:D57,B$2:B57,B57,C$2:C57,"ENTRADA")-SUMIFS(D$2:D57,B$2:B57,B57,C$2:C57,"SALIDA") -> 1715.75
A58: 44050 | B58: Carnes blancas | C58: ENTRADA | D58: 127.43 | E58: =SUMIF('Parametros Inventario'!$A:$A,B58,'Parametros Inventario'!$B:$B)+SUMIFS(D$2:D58,B$2:B58,B58,C$2:C58,"ENTRADA")-SUMIFS(D$2:D58,B$2:B58,B58,C$2:C58,"SALIDA") -> 2218.54
A59: 44050 | B59: Lácteos | C59: ENTRADA | D59: 163.09 | E59: =SUMIF('Parametros Inventario'!$A:$A,B59,'Parametros Inventario'!$B:$B)+SUMIFS(D$2:D59,B$2:B59,B59,C$2:C59,"ENTRADA")-SUMIFS(D$2:D59,B$2:B59,B59,C$2:C59,"SALIDA") -> 1743.12
A60: 44050 | B60: Salsas | C60: ENTRADA | D60: 134.46 | E60: =SUMIF('Parametros Inventario'!$A:$A,B60,'Parametros Inventario'!$B:$B)+SUMIFS(D$2:D60,B$2:B60,B60,C$2:C60,"ENTRADA")-SUMIFS(D$2:D60,B$2:B60,B60,C$2:C60,"SALIDA") -> 2339.57
A61: 44050 | B61: Vegetales y hojas | C61: ENTRADA | D61: 144.33 | E61: =SUMIF('Parametros Inventario'!$A:$A,B61,'Parametros Inventario'!$B:$B)+SUMIFS(D$2:D61,B$2:B61,B61,C$2:C61,"ENTRADA")-SUMIFS(D$2:D61,B$2:B61,B61,C$2:C61,"SALIDA") -> 1807.76
A62: 44050 | B62: Aceite o grasas | C62: ENTRADA | D62: 258.61 | E62: =SUMIF('Parametros Inventario'!$A:$A,B62,'Parametros Inventario'!$B:$B)+SUMIFS(D$2:D62,B$2:B62,B62,C$2:C62,"ENTRADA")-SUMIFS(D$2:D62,B$2:B62,B62,C$2:C62,"SALIDA") -> 2274.64
A63: ='Volúmenes DIstribuidos '!B9 -> 44050 | B63: =IF(OR('Volúmenes DIstribuidos '!C9="Azúcar",'Volúmenes DIstribuidos '!C9="azúcar"),"Azúcar o dulce",IF('Volúmenes DIstribuidos '!C9="Aceite","Aceite o grasas",IF('Volúmenes DIstribuidos '!C9="Avena","Otros almidones",'Volúmenes DIstribuidos '!C9))) -> Menestras | C63: SALIDA | D63: ='Volúmenes DIstribuidos '!D9 -> 11.59 | E63: =SUMIF('Parametros Inventario'!$A:$A,B63,'Parametros Inventario'!$B:$B)+SUMIFS(D$2:D63,B$2:B63,B63,C$2:C63,"ENTRADA")-SUMIFS(D$2:D63,B$2:B63,B63,C$2:C63,"SALIDA") -> 1318.89
A64: ='Volúmenes DIstribuidos '!B9 -> 44050 | B64: =IF(OR('Volúmenes DIstribuidos '!C10="Azúcar",'Volúmenes DIstribuidos '!C10="azúcar"),"Azúcar o dulce",IF('Volúmenes DIstribuidos '!C10="Aceite","Aceite o grasas",IF('Volúmenes DIstribuidos '!C10="Avena","Otros almidones",'Volúmenes DIstribuidos '!C10))) -> Vegetales y hojas | C64: SALIDA | D64: ='Volúmenes DIstribuidos '!D10 -> 25.83 | E64: =SUMIF('Parametros Inventario'!$A:$A,B64,'Parametros Inventario'!$B:$B)+SUMIFS(D$2:D64,B$2:B64,B64,C$2:C64,"ENTRADA")-SUMIFS(D$2:D64,B$2:B64,B64,C$2:C64,"SALIDA") -> 1781.93
A65: ='Volúmenes DIstribuidos '!B9 -> 44050 | B65: =IF(OR('Volúmenes DIstribuidos '!C11="Azúcar",'Volúmenes DIstribuidos '!C11="azúcar"),"Azúcar o dulce",IF('Volúmenes DIstribuidos '!C11="Aceite","Aceite o grasas",IF('Volúmenes DIstribuidos '!C11="Avena","Otros almidones",'Volúmenes DIstribuidos '!C11))) -> Otros almidones | C65: SALIDA | D65: ='Volúmenes DIstribuidos '!D11 -> 8.371 | E65: =SUMIF('Parametros Inventario'!$A:$A,B65,'Parametros Inventario'!$B:$B)+SUMIFS(D$2:D65,B$2:B65,B65,C$2:C65,"ENTRADA")-SUMIFS(D$2:D65,B$2:B65,B65,C$2:C65,"SALIDA") -> 2019.409
A66: ='Volúmenes DIstribuidos '!B9 -> 44050 | B66: =IF(OR('Volúmenes DIstribuidos '!C12="Azúcar",'Volúmenes DIstribuidos '!C12="azúcar"),"Azúcar o dulce",IF('Volúmenes DIstribuidos '!C12="Aceite","Aceite o grasas",IF('Volúmenes DIstribuidos '!C12="Avena","Otros almidones",'Volúmenes DIstribuidos '!C12))) -> Carnes blancas | C66: SALIDA | D66: ='Volúmenes DIstribuidos '!D12 -> 20.34 | E66: =SUMIF('Parametros Inventario'!$A:$A,B66,'Parametros Inventario'!$B:$B)+SUMIFS(D$2:D66,B$2:B66,B66,C$2:C66,"ENTRADA")-SUMIFS(D$2:D66,B$2:B66,B66,C$2:C66,"SALIDA") -> 2198.2
A67: ='Volúmenes DIstribuidos '!B9 -> 44050 | B67: =IF(OR('Volúmenes DIstribuidos '!C13="Azúcar",'Volúmenes DIstribuidos '!C13="azúcar"),"Azúcar o dulce",IF('Volúmenes DIstribuidos '!C13="Aceite","Aceite o grasas",IF('Volúmenes DIstribuidos '!C13="Avena","Otros almidones",'Volúmenes DIstribuidos '!C13))) -> Azúcar o dulce | C67: SALIDA | D67: ='Volúmenes DIstribuidos '!D13 -> 22.34 | E67: =SUMIF('Parametros Inventario'!$A:$A,B67,'Parametros Inventario'!$B:$B)+SUMIFS(D$2:D67,B$2:B67,B67,C$2:C67,"ENTRADA")-SUMIFS(D$2:D67,B$2:B67,B67,C$2:C67,"SALIDA") -> 2633.41
A68: ='Volúmenes DIstribuidos '!B9 -> 44050 | B68: =IF(OR('Volúmenes DIstribuidos '!C14="Azúcar",'Volúmenes DIstribuidos '!C14="azúcar"),"Azúcar o dulce",IF('Volúmenes DIstribuidos '!C14="Aceite","Aceite o grasas",IF('Volúmenes DIstribuidos '!C14="Avena","Otros almidones",'Volúmenes DIstribuidos '!C14))) -> Fideo | C68: SALIDA | D68: ='Volúmenes DIstribuidos '!D14 -> 14.88 | E68: =SUMIF('Parametros Inventario'!$A:$A,B68,'Parametros Inventario'!$B:$B)+SUMIFS(D$2:D68,B$2:B68,B68,C$2:C68,"ENTRADA")-SUMIFS(D$2:D68,B$2:B68,B68,C$2:C68,"SALIDA") -> 2046.66
A69: ='Volúmenes DIstribuidos '!B15 -> 44054 | B69: =IF(OR('Volúmenes DIstribuidos '!C15="Azúcar",'Volúmenes DIstribuidos '!C15="azúcar"),"Azúcar o dulce",IF('Volúmenes DIstribuidos '!C15="Aceite","Aceite o grasas",IF('Volúmenes DIstribuidos '!C15="Avena","Otros almidones",'Volúmenes DIstribuidos '!C15))) -> Lácteos | C69: SALIDA | D69: ='Volúmenes DIstribuidos '!D15 -> 4.23 | E69: =SUMIF('Parametros Inventario'!$A:$A,B69,'Parametros Inventario'!$B:$B)+SUMIFS(D$2:D69,B$2:B69,B69,C$2:C69,"ENTRADA")-SUMIFS(D$2:D69,B$2:B69,B69,C$2:C69,"SALIDA") -> 1738.89
A70: ='Volúmenes DIstribuidos '!B15 -> 44054 | B70: =IF(OR('Volúmenes DIstribuidos '!C16="Azúcar",'Volúmenes DIstribuidos '!C16="azúcar"),"Azúcar o dulce",IF('Volúmenes DIstribuidos '!C16="Aceite","Aceite o grasas",IF('Volúmenes DIstribuidos '!C16="Avena","Otros almidones",'Volúmenes DIstribuidos '!C16))) -> Vegetales y hojas | C70: SALIDA | D70: ='Volúmenes DIstribuidos '!D16 -> 5.306 | E70: =SUMIF('Parametros Inventario'!$A:$A,B70,'Parametros Inventario'!$B:$B)+SUMIFS(D$2:D70,B$2:B70,B70,C$2:C70,"ENTRADA")-SUMIFS(D$2:D70,B$2:B70,B70,C$2:C70,"SALIDA") -> 1776.624
A71: ='Volúmenes DIstribuidos '!B15 -> 44054 | B71: =IF(OR('Volúmenes DIstribuidos '!C17="Azúcar",'Volúmenes DIstribuidos '!C17="azúcar"),"Azúcar o dulce",IF('Volúmenes DIstribuidos '!C17="Aceite","Aceite o grasas",IF('Volúmenes DIstribuidos '!C17="Avena","Otros almidones",'Volúmenes DIstribuidos '!C17))) -> Carnes blancas | C71: SALIDA | D71: ='Volúmenes DIstribuidos '!D17 -> 7.09 | E71: =SUMIF('Parametros Inventario'!$A:$A,B71,'Parametros Inventario'!$B:$B)+SUMIFS(D$2:D71,B$2:B71,B71,C$2:C71,"ENTRADA")-SUMIFS(D$2:D71,B$2:B71,B71,C$2:C71,"SALIDA") -> 2191.11
A72: ='Volúmenes DIstribuidos '!B15 -> 44054 | B72: =IF(OR('Volúmenes DIstribuidos '!C18="Azúcar",'Volúmenes DIstribuidos '!C18="azúcar"),"Azúcar o dulce",IF('Volúmenes DIstribuidos '!C18="Aceite","Aceite o grasas",IF('Volúmenes DIstribuidos '!C18="Avena","Otros almidones",'Volúmenes DIstribuidos '!C18))) -> Aceite o grasas | C72: SALIDA | D72: ='Volúmenes DIstribuidos '!D18 -> 6.87 | E72: =SUMIF('Parametros Inventario'!$A:$A,B72,'Parametros Inventario'!$B:$B)+SUMIFS(D$2:D72,B$2:B72,B72,C$2:C72,"ENTRADA")-SUMIFS(D$2:D72,B$2:B72,B72,C$2:C72,"SALIDA") -> 2267.77
A73: ='Volúmenes DIstribuidos '!B15 -> 44054 | B73: =IF(OR('Volúmenes DIstribuidos '!C19="Azúcar",'Volúmenes DIstribuidos '!C19="azúcar"),"Azúcar o dulce",IF('Volúmenes DIstribuidos '!C19="Aceite","Aceite o grasas",IF('Volúmenes DIstribuidos '!C19="Avena","Otros almidones",'Volúmenes DIstribuidos '!C19))) -> Menestras | C73: SALIDA | D73: ='Volúmenes DIstribuidos '!D19 -> 33.06 | E73: =SUMIF('Parametros Inventario'!$A:$A,B73,'Parametros Inventario'!$B:$B)+SUMIFS(D$2:D73,B$2:B73,B73,C$2:C73,"ENTRADA")-SUMIFS(D$2:D73,B$2:B73,B73,C$2:C73,"SALIDA") -> 1285.83
A74: ='Volúmenes DIstribuidos '!B15 -> 44054 | B74: =IF(OR('Volúmenes DIstribuidos '!C20="Azúcar",'Volúmenes DIstribuidos '!C20="azúcar"),"Azúcar o dulce",IF('Volúmenes DIstribuidos '!C20="Aceite","Aceite o grasas",IF('Volúmenes DIstribuidos '!C20="Avena","Otros almidones",'Volúmenes DIstribuidos '!C20))) -> Azúcar o dulce | C74: SALIDA | D74: ='Volúmenes DIstribuidos '!D20 -> 5.06 | E74: =SUMIF('Parametros Inventario'!$A:$A,B74,'Parametros Inventario'!$B:$B)+SUMIFS(D$2:D74,B$2:B74,B74,C$2:C74,"ENTRADA")-SUMIFS(D$2:D74,B$2:B74,B74,C$2:C74,"SALIDA") -> 2628.35
A75: 44057 | B75: Azúcar o dulce | C75: ENTRADA | D75: 258.42 | E75: =SUMIF('Parametros Inventario'!$A:$A,B75,'Parametros Inventario'!$B:$B)+SUMIFS(D$2:D75,B$2:B75,B75,C$2:C75,"ENTRADA")-SUMIFS(D$2:D75,B$2:B75,B75,C$2:C75,"SALIDA") -> 2886.77
A76: 44057 | B76: Otros almidones | C76: ENTRADA | D76: 83.2 | E76: =SUMIF('Parametros Inventario'!$A:$A,B76,'Parametros Inventario'!$B:$B)+SUMIFS(D$2:D76,B$2:B76,B76,C$2:C76,"ENTRADA")-SUMIFS(D$2:D76,B$2:B76,B76,C$2:C76,"SALIDA") -> 2102.609
A77: 44057 | B77: Fideo | C77: ENTRADA | D77: 84.63 | E77: =SUMIF('Parametros Inventario'!$A:$A,B77,'Parametros Inventario'!$B:$B)+SUMIFS(D$2:D77,B$2:B77,B77,C$2:C77,"ENTRADA")-SUMIFS(D$2:D77,B$2:B77,B77,C$2:C77,"SALIDA") -> 2131.29
A78: 44057 | B78: Panadería | C78: ENTRADA | D78: 209.12 | E78: =SUMIF('Parametros Inventario'!$A:$A,B78,'Parametros Inventario'!$B:$B)+SUMIFS(D$2:D78,B$2:B78,B78,C$2:C78,"ENTRADA")-SUMIFS(D$2:D78,B$2:B78,B78,C$2:C78,"SALIDA") -> 1623.61
A79: 44057 | B79: Menestras | C79: ENTRADA | D79: 240.42 | E79: =SUMIF('Parametros Inventario'!$A:$A,B79,'Parametros Inventario'!$B:$B)+SUMIFS(D$2:D79,B$2:B79,B79,C$2:C79,"ENTRADA")-SUMIFS(D$2:D79,B$2:B79,B79,C$2:C79,"SALIDA") -> 1526.25
A80: 44057 | B80: Carnes rojas | C80: ENTRADA | D80: 216.81 | E80: =SUMIF('Parametros Inventario'!$A:$A,B80,'Parametros Inventario'!$B:$B)+SUMIFS(D$2:D80,B$2:B80,B80,C$2:C80,"ENTRADA")-SUMIFS(D$2:D80,B$2:B80,B80,C$2:C80,"SALIDA") -> 1932.56
A81: 44057 | B81: Carnes blancas | C81: ENTRADA | D81: 87.25 | E81: =SUMIF('Parametros Inventario'!$A:$A,B81,'Parametros Inventario'!$B:$B)+SUMIFS(D$2:D81,B$2:B81,B81,C$2:C81,"ENTRADA")-SUMIFS(D$2:D81,B$2:B81,B81,C$2:C81,"SALIDA") -> 2278.36
A82: 44057 | B82: Lácteos | C82: ENTRADA | D82: 231.97 | E82: =SUMIF('Parametros Inventario'!$A:$A,B82,'Parametros Inventario'!$B:$B)+SUMIFS(D$2:D82,B$2:B82,B82,C$2:C82,"ENTRADA")-SUMIFS(D$2:D82,B$2:B82,B82,C$2:C82,"SALIDA") -> 1970.86
A83: 44057 | B83: Salsas | C83: ENTRADA | D83: 72.33 | E83: =SUMIF('Parametros Inventario'!$A:$A,B83,'Parametros Inventario'!$B:$B)+SUMIFS(D$2:D83,B$2:B83,B83,C$2:C83,"ENTRADA")-SUMIFS(D$2:D83,B$2:B83,B83,C$2:C83,"SALIDA") -> 2411.9
A84: 44057 | B84: Vegetales y hojas | C84: ENTRADA | D84: 206.19 | E84: =SUMIF('Parametros Inventario'!$A:$A,B84,'Parametros Inventario'!$B:$B)+SUMIFS(D$2:D84,B$2:B84,B84,C$2:C84,"ENTRADA")-SUMIFS(D$2:D84,B$2:B84,B84,C$2:C84,"SALIDA") -> 1982.814
A85: 44057 | B85: Aceite o grasas | C85: ENTRADA | D85: 205.9 | E85: =SUMIF('Parametros Inventario'!$A:$A,B85,'Parametros Inventario'!$B:$B)+SUMIFS(D$2:D85,B$2:B85,B85,C$2:C85,"ENTRADA")-SUMIFS(D$2:D85,B$2:B85,B85,C$2:C85,"SALIDA") -> 2473.67
A86: ='Volúmenes DIstribuidos '!B21 -> 44057 | B86: =IF(OR('Volúmenes DIstribuidos '!C21="Azúcar",'Volúmenes DIstribuidos '!C21="azúcar"),"Azúcar o dulce",IF('Volúmenes DIstribuidos '!C21="Aceite","Aceite o grasas",IF('Volúmenes DIstribuidos '!C21="Avena","Otros almidones",'Volúmenes DIstribuidos '!C21))) -> Carnes rojas | C86: SALIDA | D86: ='Volúmenes DIstribuidos '!D21 -> 66.276 | E86: =SUMIF('Parametros Inventario'!$A:$A,B86,'Parametros Inventario'!$B:$B)+SUMIFS(D$2:D86,B$2:B86,B86,C$2:C86,"ENTRADA")-SUMIFS(D$2:D86,B$2:B86,B86,C$2:C86,"SALIDA") -> 1866.284
A87: ='Volúmenes DIstribuidos '!B21 -> 44057 | B87: =IF(OR('Volúmenes DIstribuidos '!C22="Azúcar",'Volúmenes DIstribuidos '!C22="azúcar"),"Azúcar o dulce",IF('Volúmenes DIstribuidos '!C22="Aceite","Aceite o grasas",IF('Volúmenes DIstribuidos '!C22="Avena","Otros almidones",'Volúmenes DIstribuidos '!C22))) -> Menestras | C87: SALIDA | D87: ='Volúmenes DIstribuidos '!D22 -> 34.63 | E87: =SUMIF('Parametros Inventario'!$A:$A,B87,'Parametros Inventario'!$B:$B)+SUMIFS(D$2:D87,B$2:B87,B87,C$2:C87,"ENTRADA")-SUMIFS(D$2:D87,B$2:B87,B87,C$2:C87,"SALIDA") -> 1491.62
A88: ='Volúmenes DIstribuidos '!B21 -> 44057 | B88: =IF(OR('Volúmenes DIstribuidos '!C23="Azúcar",'Volúmenes DIstribuidos '!C23="azúcar"),"Azúcar o dulce",IF('Volúmenes DIstribuidos '!C23="Aceite","Aceite o grasas",IF('Volúmenes DIstribuidos '!C23="Avena","Otros almidones",'Volúmenes DIstribuidos '!C23))) -> Aceite o grasas | C88: SALIDA | D88: ='Volúmenes DIstribuidos '!D23 -> 77.75 | E88: =SUMIF('Parametros Inventario'!$A:$A,B88,'Parametros Inventario'!$B:$B)+SUMIFS(D$2:D88,B$2:B88,B88,C$2:C88,"ENTRADA")-SUMIFS(D$2:D88,B$2:B88,B88,C$2:C88,"SALIDA") -> 2395.92
A89: ='Volúmenes DIstribuidos '!B21 -> 44057 | B89: =IF(OR('Volúmenes DIstribuidos '!C24="Azúcar",'Volúmenes DIstribuidos '!C24="azúcar"),"Azúcar o dulce",IF('Volúmenes DIstribuidos '!C24="Aceite","Aceite o grasas",IF('Volúmenes DIstribuidos '!C24="Avena","Otros almidones",'Volúmenes DIstribuidos '!C24))) -> Panadería | C89: SALIDA | D89: ='Volúmenes DIstribuidos '!D24 -> 103.38 | E89: =SUMIF('Parametros Inventario'!$A:$A,B89,'Parametros Inventario'!$B:$B)+SUMIFS(D$2:D89,B$2:B89,B89,C$2:C89,"ENTRADA")-SUMIFS(D$2:D89,B$2:B89,B89,C$2:C89,"SALIDA") -> 1520.23
A90: ='Volúmenes DIstribuidos '!B21 -> 44057 | B90: =IF(OR('Volúmenes DIstribuidos '!C25="Azúcar",'Volúmenes DIstribuidos '!C25="azúcar"),"Azúcar o dulce",IF('Volúmenes DIstribuidos '!C25="Aceite","Aceite o grasas",IF('Volúmenes DIstribuidos '!C25="Avena","Otros almidones",'Volúmenes DIstribuidos '!C25))) -> Otros almidones | C90: SALIDA | D90: ='Volúmenes DIstribuidos '!D25 -> 119.26 | E90: =SUMIF('Parametros Inventario'!$A:$A,B90,'Parametros Inventario'!$B:$B)+SUMIFS(D$2:D90,B$2:B90,B90,C$2:C90,"ENTRADA")-SUMIFS(D$2:D90,B$2:B90,B90,C$2:C90,"SALIDA") -> 1983.349
A91: ='Volúmenes DIstribuidos '!B21 -> 44057 | B91: =IF(OR('Volúmenes DIstribuidos '!C26="Azúcar",'Volúmenes DIstribuidos '!C26="azúcar"),"Azúcar o dulce",IF('Volúmenes DIstribuidos '!C26="Aceite","Aceite o grasas",IF('Volúmenes DIstribuidos '!C26="Avena","Otros almidones",'Volúmenes DIstribuidos '!C26))) -> Azúcar o dulce | C91: SALIDA | D91: ='Volúmenes DIstribuidos '!D26 -> 57.39 | E91: =SUMIF('Parametros Inventario'!$A:$A,B91,'Parametros Inventario'!$B:$B)+SUMIFS(D$2:D91,B$2:B91,B91,C$2:C91,"ENTRADA")-SUMIFS(D$2:D91,B$2:B91,B91,C$2:C91,"SALIDA") -> 2829.38
A92: ='Volúmenes DIstribuidos '!B27 -> 44061 | B92: =IF(OR('Volúmenes DIstribuidos '!C27="Azúcar",'Volúmenes DIstribuidos '!C27="azúcar"),"Azúcar o dulce",IF('Volúmenes DIstribuidos '!C27="Aceite","Aceite o grasas",IF('Volúmenes DIstribuidos '!C27="Avena","Otros almidones",'Volúmenes DIstribuidos '!C27))) -> Otros almidones | C92: SALIDA | D92: ='Volúmenes DIstribuidos '!D27 -> 49.58 | E92: =SUMIF('Parametros Inventario'!$A:$A,B92,'Parametros Inventario'!$B:$B)+SUMIFS(D$2:D92,B$2:B92,B92,C$2:C92,"ENTRADA")-SUMIFS(D$2:D92,B$2:B92,B92,C$2:C92,"SALIDA") -> 1933.769
A93: ='Volúmenes DIstribuidos '!B27 -> 44061 | B93: =IF(OR('Volúmenes DIstribuidos '!C28="Azúcar",'Volúmenes DIstribuidos '!C28="azúcar"),"Azúcar o dulce",IF('Volúmenes DIstribuidos '!C28="Aceite","Aceite o grasas",IF('Volúmenes DIstribuidos '!C28="Avena","Otros almidones",'Volúmenes DIstribuidos '!C28))) -> Carnes blancas | C93: SALIDA | D93: ='Volúmenes DIstribuidos '!D28 -> 72.34 | E93: =SUMIF('Parametros Inventario'!$A:$A,B93,'Parametros Inventario'!$B:$B)+SUMIFS(D$2:D93,B$2:B93,B93,C$2:C93,"ENTRADA")-SUMIFS(D$2:D93,B$2:B93,B93,C$2:C93,"SALIDA") -> 2206.02
A94: ='Volúmenes DIstribuidos '!B27 -> 44061 | B94: =IF(OR('Volúmenes DIstribuidos '!C29="Azúcar",'Volúmenes DIstribuidos '!C29="azúcar"),"Azúcar o dulce",IF('Volúmenes DIstribuidos '!C29="Aceite","Aceite o grasas",IF('Volúmenes DIstribuidos '!C29="Avena","Otros almidones",'Volúmenes DIstribuidos '!C29))) -> Panadería | C94: SALIDA | D94: ='Volúmenes DIstribuidos '!D29 -> 35.47 | E94: =SUMIF('Parametros Inventario'!$A:$A,B94,'Parametros Inventario'!$B:$B)+SUMIFS(D$2:D94,B$2:B94,B94,C$2:C94,"ENTRADA")-SUMIFS(D$2:D94,B$2:B94,B94,C$2:C94,"SALIDA") -> 1484.76
A95: ='Volúmenes DIstribuidos '!B27 -> 44061 | B95: =IF(OR('Volúmenes DIstribuidos '!C30="Azúcar",'Volúmenes DIstribuidos '!C30="azúcar"),"Azúcar o dulce",IF('Volúmenes DIstribuidos '!C30="Aceite","Aceite o grasas",IF('Volúmenes DIstribuidos '!C30="Avena","Otros almidones",'Volúmenes DIstribuidos '!C30))) -> Aceite o grasas | C95: SALIDA | D95: ='Volúmenes DIstribuidos '!D30 -> 12.21 | E95: =SUMIF('Parametros Inventario'!$A:$A,B95,'Parametros Inventario'!$B:$B)+SUMIFS(D$2:D95,B$2:B95,B95,C$2:C95,"ENTRADA")-SUMIFS(D$2:D95,B$2:B95,B95,C$2:C95,"SALIDA") -> 2383.71
A96: ='Volúmenes DIstribuidos '!B27 -> 44061 | B96: =IF(OR('Volúmenes DIstribuidos '!C31="Azúcar",'Volúmenes DIstribuidos '!C31="azúcar"),"Azúcar o dulce",IF('Volúmenes DIstribuidos '!C31="Aceite","Aceite o grasas",IF('Volúmenes DIstribuidos '!C31="Avena","Otros almidones",'Volúmenes DIstribuidos '!C31))) -> Vegetales y hojas | C96: SALIDA | D96: ='Volúmenes DIstribuidos '!D31 -> 134.52 | E96: =SUMIF('Parametros Inventario'!$A:$A,B96,'Parametros Inventario'!$B:$B)+SUMIFS(D$2:D96,B$2:B96,B96,C$2:C96,"ENTRADA")-SUMIFS(D$2:D96,B$2:B96,B96,C$2:C96,"SALIDA") -> 1848.294
A97: ='Volúmenes DIstribuidos '!B27 -> 44061 | B97: =IF(OR('Volúmenes DIstribuidos '!C32="Azúcar",'Volúmenes DIstribuidos '!C32="azúcar"),"Azúcar o dulce",IF('Volúmenes DIstribuidos '!C32="Aceite","Aceite o grasas",IF('Volúmenes DIstribuidos '!C32="Avena","Otros almidones",'Volúmenes DIstribuidos '!C32))) -> Fideo | C97: SALIDA | D97: ='Volúmenes DIstribuidos '!D32 -> 35.061 | E97: =SUMIF('Parametros Inventario'!$A:$A,B97,'Parametros Inventario'!$B:$B)+SUMIFS(D$2:D97,B$2:B97,B97,C$2:C97,"ENTRADA")-SUMIFS(D$2:D97,B$2:B97,B97,C$2:C97,"SALIDA") -> 2096.229
A98: 44064 | B98: Azúcar o dulce | C98: ENTRADA | D98: 146.81 | E98: =SUMIF('Parametros Inventario'!$A:$A,B98,'Parametros Inventario'!$B:$B)+SUMIFS(D$2:D98,B$2:B98,B98,C$2:C98,"ENTRADA")-SUMIFS(D$2:D98,B$2:B98,B98,C$2:C98,"SALIDA") -> 2976.19
A99: 44064 | B99: Otros almidones | C99: ENTRADA | D99: 275.06 | E99: =SUMIF('Parametros Inventario'!$A:$A,B99,'Parametros Inventario'!$B:$B)+SUMIFS(D$2:D99,B$2:B99,B99,C$2:C99,"ENTRADA")-SUMIFS(D$2:D99,B$2:B99,B99,C$2:C99,"SALIDA") -> 2208.829
A100: 44064 | B100: Fideo | C100: ENTRADA | D100: 134.75 | E100: =SUMIF('Parametros Inventario'!$A:$A,B100,'Parametros Inventario'!$B:$B)+SUMIFS(D$2:D100,B$2:B100,B100,C$2:C100,"ENTRADA")-SUMIFS(D$2:D100,B$2:B100,B100,C$2:C100,"SALIDA") -> 2230.979
A101: 44064 | B101: Panadería | C101: ENTRADA | D101: 61.45 | E101: =SUMIF('Parametros Inventario'!$A:$A,B101,'Parametros Inventario'!$B:$B)+SUMIFS(D$2:D101,B$2:B101,B101,C$2:C101,"ENTRADA")-SUMIFS(D$2:D101,B$2:B101,B101,C$2:C101,"SALIDA") -> 1546.21
A102: 44064 | B102: Menestras | C102: ENTRADA | D102: 217.61 | E102: =SUMIF('Parametros Inventario'!$A:$A,B102,'Parametros Inventario'!$B:$B)+SUMIFS(D$2:D102,B$2:B102,B102,C$2:C102,"ENTRADA")-SUMIFS(D$2:D102,B$2:B102,B102,C$2:C102,"SALIDA") -> 1709.23
A103: 44064 | B103: Carnes rojas | C103: ENTRADA | D103: 160.77 | E103: =SUMIF('Parametros Inventario'!$A:$A,B103,'Parametros Inventario'!$B:$B)+SUMIFS(D$2:D103,B$2:B103,B103,C$2:C103,"ENTRADA")-SUMIFS(D$2:D103,B$2:B103,B103,C$2:C103,"SALIDA") -> 2027.054
A104: 44064 | B104: Carnes blancas | C104: ENTRADA | D104: 119.34 | E104: =SUMIF('Parametros Inventario'!$A:$A,B104,'Parametros Inventario'!$B:$B)+SUMIFS(D$2:D104,B$2:B104,B104,C$2:C104,"ENTRADA")-SUMIFS(D$2:D104,B$2:B104,B104,C$2:C104,"SALIDA") -> 2325.36
A105: 44064 | B105: Lácteos | C105: ENTRADA | D105: 72.13 | E105: =SUMIF('Parametros Inventario'!$A:$A,B105,'Parametros Inventario'!$B:$B)+SUMIFS(D$2:D105,B$2:B105,B105,C$2:C105,"ENTRADA")-SUMIFS(D$2:D105,B$2:B105,B105,C$2:C105,"SALIDA") -> 2042.99
A106: 44064 | B106: Salsas | C106: ENTRADA | D106: 91.4 | E106: =SUMIF('Parametros Inventario'!$A:$A,B106,'Parametros Inventario'!$B:$B)+SUMIFS(D$2:D106,B$2:B106,B106,C$2:C106,"ENTRADA")-SUMIFS(D$2:D106,B$2:B106,B106,C$2:C106,"SALIDA") -> 2503.3
A107: 44064 | B107: Vegetales y hojas | C107: ENTRADA | D107: 56.2 | E107: =SUMIF('Parametros Inventario'!$A:$A,B107,'Parametros Inventario'!$B:$B)+SUMIFS(D$2:D107,B$2:B107,B107,C$2:C107,"ENTRADA")-SUMIFS(D$2:D107,B$2:B107,B107,C$2:C107,"SALIDA") -> 1904.494
A108: 44064 | B108: Aceite o grasas | C108: ENTRADA | D108: 207.53 | E108: =SUMIF('Parametros Inventario'!$A:$A,B108,'Parametros Inventario'!$B:$B)+SUMIFS(D$2:D108,B$2:B108,B108,C$2:C108,"ENTRADA")-SUMIFS(D$2:D108,B$2:B108,B108,C$2:C108,"SALIDA") -> 2591.24
A109: ='Volúmenes DIstribuidos '!B33 -> 44064 | B109: =IF(OR('Volúmenes DIstribuidos '!C33="Azúcar",'Volúmenes DIstribuidos '!C33="azúcar"),"Azúcar o dulce",IF('Volúmenes DIstribuidos '!C33="Aceite","Aceite o grasas",IF('Volúmenes DIstribuidos '!C33="Avena","Otros almidones",'Volúmenes DIstribuidos '!C33))) -> Salsas | C109: SALIDA | D109: ='Volúmenes DIstribuidos '!D33 -> 60 | E109: =SUMIF('Parametros Inventario'!$A:$A,B109,'Parametros Inventario'!$B:$B)+SUMIFS(D$2:D109,B$2:B109,B109,C$2:C109,"ENTRADA")-SUMIFS(D$2:D109,B$2:B109,B109,C$2:C109,"SALIDA") -> 2443.3
A110: ='Volúmenes DIstribuidos '!B33 -> 44064 | B110: =IF(OR('Volúmenes DIstribuidos '!C34="Azúcar",'Volúmenes DIstribuidos '!C34="azúcar"),"Azúcar o dulce",IF('Volúmenes DIstribuidos '!C34="Aceite","Aceite o grasas",IF('Volúmenes DIstribuidos '!C34="Avena","Otros almidones",'Volúmenes DIstribuidos '!C34))) -> Lácteos | C110: SALIDA | D110: ='Volúmenes DIstribuidos '!D34 -> 55.62 | E110: =SUMIF('Parametros Inventario'!$A:$A,B110,'Parametros Inventario'!$B:$B)+SUMIFS(D$2:D110,B$2:B110,B110,C$2:C110,"ENTRADA")-SUMIFS(D$2:D110,B$2:B110,B110,C$2:C110,"SALIDA") -> 1987.37
A111: ='Volúmenes DIstribuidos '!B33 -> 44064 | B111: =IF(OR('Volúmenes DIstribuidos '!C35="Azúcar",'Volúmenes DIstribuidos '!C35="azúcar"),"Azúcar o dulce",IF('Volúmenes DIstribuidos '!C35="Aceite","Aceite o grasas",IF('Volúmenes DIstribuidos '!C35="Avena","Otros almidones",'Volúmenes DIstribuidos '!C35))) -> Carnes blancas | C111: SALIDA | D111: ='Volúmenes DIstribuidos '!D35 -> 58.76 | E111: =SUMIF('Parametros Inventario'!$A:$A,B111,'Parametros Inventario'!$B:$B)+SUMIFS(D$2:D111,B$2:B111,B111,C$2:C111,"ENTRADA")-SUMIFS(D$2:D111,B$2:B111,B111,C$2:C111,"SALIDA") -> 2266.6
A112: ='Volúmenes DIstribuidos '!B33 -> 44064 | B112: =IF(OR('Volúmenes DIstribuidos '!C36="Azúcar",'Volúmenes DIstribuidos '!C36="azúcar"),"Azúcar o dulce",IF('Volúmenes DIstribuidos '!C36="Aceite","Aceite o grasas",IF('Volúmenes DIstribuidos '!C36="Avena","Otros almidones",'Volúmenes DIstribuidos '!C36))) -> Menestras | C112: SALIDA | D112: ='Volúmenes DIstribuidos '!D36 -> 21.823 | E112: =SUMIF('Parametros Inventario'!$A:$A,B112,'Parametros Inventario'!$B:$B)+SUMIFS(D$2:D112,B$2:B112,B112,C$2:C112,"ENTRADA")-SUMIFS(D$2:D112,B$2:B112,B112,C$2:C112,"SALIDA") -> 1687.407
A113: ='Volúmenes DIstribuidos '!B33 -> 44064 | B113: =IF(OR('Volúmenes DIstribuidos '!C37="Azúcar",'Volúmenes DIstribuidos '!C37="azúcar"),"Azúcar o dulce",IF('Volúmenes DIstribuidos '!C37="Aceite","Aceite o grasas",IF('Volúmenes DIstribuidos '!C37="Avena","Otros almidones",'Volúmenes DIstribuidos '!C37))) -> Aceite o grasas | C113: SALIDA | D113: ='Volúmenes DIstribuidos '!D37 -> 80.18 | E113: =SUMIF('Parametros Inventario'!$A:$A,B113,'Parametros Inventario'!$B:$B)+SUMIFS(D$2:D113,B$2:B113,B113,C$2:C113,"ENTRADA")-SUMIFS(D$2:D113,B$2:B113,B113,C$2:C113,"SALIDA") -> 2511.06
A114: ='Volúmenes DIstribuidos '!B33 -> 44064 | B114: =IF(OR('Volúmenes DIstribuidos '!C38="Azúcar",'Volúmenes DIstribuidos '!C38="azúcar"),"Azúcar o dulce",IF('Volúmenes DIstribuidos '!C38="Aceite","Aceite o grasas",IF('Volúmenes DIstribuidos '!C38="Avena","Otros almidones",'Volúmenes DIstribuidos '!C38))) -> Panadería | C114: SALIDA | D114: ='Volúmenes DIstribuidos '!D38 -> 76.11 | E114: =SUMIF('Parametros Inventario'!$A:$A,B114,'Parametros Inventario'!$B:$B)+SUMIFS(D$2:D114,B$2:B114,B114,C$2:C114,"ENTRADA")-SUMIFS(D$2:D114,B$2:B114,B114,C$2:C114,"SALIDA") -> 1470.1
A115: ='Volúmenes DIstribuidos '!B39 -> 44068 | B115: =IF(OR('Volúmenes DIstribuidos '!C39="Azúcar",'Volúmenes DIstribuidos '!C39="azúcar"),"Azúcar o dulce",IF('Volúmenes DIstribuidos '!C39="Aceite","Aceite o grasas",IF('Volúmenes DIstribuidos '!C39="Avena","Otros almidones",'Volúmenes DIstribuidos '!C39))) -> Azúcar o dulce | C115: SALIDA | D115: ='Volúmenes DIstribuidos '!D39 -> 11.72 | E115: =SUMIF('Parametros Inventario'!$A:$A,B115,'Parametros Inventario'!$B:$B)+SUMIFS(D$2:D115,B$2:B115,B115,C$2:C115,"ENTRADA")-SUMIFS(D$2:D115,B$2:B115,B115,C$2:C115,"SALIDA") -> 2964.47
A116: ='Volúmenes DIstribuidos '!B39 -> 44068 | B116: =IF(OR('Volúmenes DIstribuidos '!C40="Azúcar",'Volúmenes DIstribuidos '!C40="azúcar"),"Azúcar o dulce",IF('Volúmenes DIstribuidos '!C40="Aceite","Aceite o grasas",IF('Volúmenes DIstribuidos '!C40="Avena","Otros almidones",'Volúmenes DIstribuidos '!C40))) -> Otros almidones | C116: SALIDA | D116: ='Volúmenes DIstribuidos '!D40 -> 11.88 | E116: =SUMIF('Parametros Inventario'!$A:$A,B116,'Parametros Inventario'!$B:$B)+SUMIFS(D$2:D116,B$2:B116,B116,C$2:C116,"ENTRADA")-SUMIFS(D$2:D116,B$2:B116,B116,C$2:C116,"SALIDA") -> 2196.949
A117: ='Volúmenes DIstribuidos '!B39 -> 44068 | B117: =IF(OR('Volúmenes DIstribuidos '!C41="Azúcar",'Volúmenes DIstribuidos '!C41="azúcar"),"Azúcar o dulce",IF('Volúmenes DIstribuidos '!C41="Aceite","Aceite o grasas",IF('Volúmenes DIstribuidos '!C41="Avena","Otros almidones",'Volúmenes DIstribuidos '!C41))) -> Menestras | C117: SALIDA | D117: ='Volúmenes DIstribuidos '!D41 -> 4.49 | E117: =SUMIF('Parametros Inventario'!$A:$A,B117,'Parametros Inventario'!$B:$B)+SUMIFS(D$2:D117,B$2:B117,B117,C$2:C117,"ENTRADA")-SUMIFS(D$2:D117,B$2:B117,B117,C$2:C117,"SALIDA") -> 1682.917
A118: ='Volúmenes DIstribuidos '!B39 -> 44068 | B118: =IF(OR('Volúmenes DIstribuidos '!C42="Azúcar",'Volúmenes DIstribuidos '!C42="azúcar"),"Azúcar o dulce",IF('Volúmenes DIstribuidos '!C42="Aceite","Aceite o grasas",IF('Volúmenes DIstribuidos '!C42="Avena","Otros almidones",'Volúmenes DIstribuidos '!C42))) -> Salsas | C118: SALIDA | D118: ='Volúmenes DIstribuidos '!D42 -> 6.71 | E118: =SUMIF('Parametros Inventario'!$A:$A,B118,'Parametros Inventario'!$B:$B)+SUMIFS(D$2:D118,B$2:B118,B118,C$2:C118,"ENTRADA")-SUMIFS(D$2:D118,B$2:B118,B118,C$2:C118,"SALIDA") -> 2436.59
A119: ='Volúmenes DIstribuidos '!B39 -> 44068 | B119: =IF(OR('Volúmenes DIstribuidos '!C43="Azúcar",'Volúmenes DIstribuidos '!C43="azúcar"),"Azúcar o dulce",IF('Volúmenes DIstribuidos '!C43="Aceite","Aceite o grasas",IF('Volúmenes DIstribuidos '!C43="Avena","Otros almidones",'Volúmenes DIstribuidos '!C43))) -> Lácteos | C119: SALIDA | D119: ='Volúmenes DIstribuidos '!D43 -> 11.58 | E119: =SUMIF('Parametros Inventario'!$A:$A,B119,'Parametros Inventario'!$B:$B)+SUMIFS(D$2:D119,B$2:B119,B119,C$2:C119,"ENTRADA")-SUMIFS(D$2:D119,B$2:B119,B119,C$2:C119,"SALIDA") -> 1975.79
A120: ='Volúmenes DIstribuidos '!B39 -> 44068 | B120: =IF(OR('Volúmenes DIstribuidos '!C44="Azúcar",'Volúmenes DIstribuidos '!C44="azúcar"),"Azúcar o dulce",IF('Volúmenes DIstribuidos '!C44="Aceite","Aceite o grasas",IF('Volúmenes DIstribuidos '!C44="Avena","Otros almidones",'Volúmenes DIstribuidos '!C44))) -> Carnes blancas | C120: SALIDA | D120: ='Volúmenes DIstribuidos '!D44 -> 38.892 | E120: =SUMIF('Parametros Inventario'!$A:$A,B120,'Parametros Inventario'!$B:$B)+SUMIFS(D$2:D120,B$2:B120,B120,C$2:C120,"ENTRADA")-SUMIFS(D$2:D120,B$2:B120,B120,C$2:C120,"SALIDA") -> 2227.708
A121: ='Volúmenes DIstribuidos '!B45 -> 44071 | B121: =IF(OR('Volúmenes DIstribuidos '!C45="Azúcar",'Volúmenes DIstribuidos '!C45="azúcar"),"Azúcar o dulce",IF('Volúmenes DIstribuidos '!C45="Aceite","Aceite o grasas",IF('Volúmenes DIstribuidos '!C45="Avena","Otros almidones",'Volúmenes DIstribuidos '!C45))) -> Menestras | C121: SALIDA | D121: ='Volúmenes DIstribuidos '!D45 -> 18.23 | E121: =SUMIF('Parametros Inventario'!$A:$A,B121,'Parametros Inventario'!$B:$B)+SUMIFS(D$2:D121,B$2:B121,B121,C$2:C121,"ENTRADA")-SUMIFS(D$2:D121,B$2:B121,B121,C$2:C121,"SALIDA") -> 1664.687
A122: ='Volúmenes DIstribuidos '!B45 -> 44071 | B122: =IF(OR('Volúmenes DIstribuidos '!C46="Azúcar",'Volúmenes DIstribuidos '!C46="azúcar"),"Azúcar o dulce",IF('Volúmenes DIstribuidos '!C46="Aceite","Aceite o grasas",IF('Volúmenes DIstribuidos '!C46="Avena","Otros almidones",'Volúmenes DIstribuidos '!C46))) -> Aceite o grasas | C122: SALIDA | D122: ='Volúmenes DIstribuidos '!D46 -> 12 | E122: =SUMIF('Parametros Inventario'!$A:$A,B122,'Parametros Inventario'!$B:$B)+SUMIFS(D$2:D122,B$2:B122,B122,C$2:C122,"ENTRADA")-SUMIFS(D$2:D122,B$2:B122,B122,C$2:C122,"SALIDA") -> 2499.06
A123: ='Volúmenes DIstribuidos '!B45 -> 44071 | B123: =IF(OR('Volúmenes DIstribuidos '!C47="Azúcar",'Volúmenes DIstribuidos '!C47="azúcar"),"Azúcar o dulce",IF('Volúmenes DIstribuidos '!C47="Aceite","Aceite o grasas",IF('Volúmenes DIstribuidos '!C47="Avena","Otros almidones",'Volúmenes DIstribuidos '!C47))) -> Lácteos | C123: SALIDA | D123: ='Volúmenes DIstribuidos '!D47 -> 11.13 | E123: =SUMIF('Parametros Inventario'!$A:$A,B123,'Parametros Inventario'!$B:$B)+SUMIFS(D$2:D123,B$2:B123,B123,C$2:C123,"ENTRADA")-SUMIFS(D$2:D123,B$2:B123,B123,C$2:C123,"SALIDA") -> 1964.66
A124: ='Volúmenes DIstribuidos '!B45 -> 44071 | B124: =IF(OR('Volúmenes DIstribuidos '!C48="Azúcar",'Volúmenes DIstribuidos '!C48="azúcar"),"Azúcar o dulce",IF('Volúmenes DIstribuidos '!C48="Aceite","Aceite o grasas",IF('Volúmenes DIstribuidos '!C48="Avena","Otros almidones",'Volúmenes DIstribuidos '!C48))) -> Carnes blancas | C124: SALIDA | D124: ='Volúmenes DIstribuidos '!D48 -> 23.26 | E124: =SUMIF('Parametros Inventario'!$A:$A,B124,'Parametros Inventario'!$B:$B)+SUMIFS(D$2:D124,B$2:B124,B124,C$2:C124,"ENTRADA")-SUMIFS(D$2:D124,B$2:B124,B124,C$2:C124,"SALIDA") -> 2204.448
A125: ='Volúmenes DIstribuidos '!B45 -> 44071 | B125: =IF(OR('Volúmenes DIstribuidos '!C49="Azúcar",'Volúmenes DIstribuidos '!C49="azúcar"),"Azúcar o dulce",IF('Volúmenes DIstribuidos '!C49="Aceite","Aceite o grasas",IF('Volúmenes DIstribuidos '!C49="Avena","Otros almidones",'Volúmenes DIstribuidos '!C49))) -> Otros almidones | C125: SALIDA | D125: ='Volúmenes DIstribuidos '!D49 -> 21.06 | E125: =SUMIF('Parametros Inventario'!$A:$A,B125,'Parametros Inventario'!$B:$B)+SUMIFS(D$2:D125,B$2:B125,B125,C$2:C125,"ENTRADA")-SUMIFS(D$2:D125,B$2:B125,B125,C$2:C125,"SALIDA") -> 2175.889
A126: ='Volúmenes DIstribuidos '!B45 -> 44071 | B126: =IF(OR('Volúmenes DIstribuidos '!C50="Azúcar",'Volúmenes DIstribuidos '!C50="azúcar"),"Azúcar o dulce",IF('Volúmenes DIstribuidos '!C50="Aceite","Aceite o grasas",IF('Volúmenes DIstribuidos '!C50="Avena","Otros almidones",'Volúmenes DIstribuidos '!C50))) -> Vegetales y hojas | C126: SALIDA | D126: ='Volúmenes DIstribuidos '!D50 -> 6.722 | E126: =SUMIF('Parametros Inventario'!$A:$A,B126,'Parametros Inventario'!$B:$B)+SUMIFS(D$2:D126,B$2:B126,B126,C$2:C126,"ENTRADA")-SUMIFS(D$2:D126,B$2:B126,B126,C$2:C126,"SALIDA") -> 1897.772
A127: ='Volúmenes DIstribuidos '!B51 -> 44075 | B127: =IF(OR('Volúmenes DIstribuidos '!C51="Azúcar",'Volúmenes DIstribuidos '!C51="azúcar"),"Azúcar o dulce",IF('Volúmenes DIstribuidos '!C51="Aceite","Aceite o grasas",IF('Volúmenes DIstribuidos '!C51="Avena","Otros almidones",'Volúmenes DIstribuidos '!C51))) -> Aceite o grasas | C127: SALIDA | D127: ='Volúmenes DIstribuidos '!D51 -> 12.04 | E127: =SUMIF('Parametros Inventario'!$A:$A,B127,'Parametros Inventario'!$B:$B)+SUMIFS(D$2:D127,B$2:B127,B127,C$2:C127,"ENTRADA")-SUMIFS(D$2:D127,B$2:B127,B127,C$2:C127,"SALIDA") -> 2487.02
A128: ='Volúmenes DIstribuidos '!B51 -> 44075 | B128: =IF(OR('Volúmenes DIstribuidos '!C52="Azúcar",'Volúmenes DIstribuidos '!C52="azúcar"),"Azúcar o dulce",IF('Volúmenes DIstribuidos '!C52="Aceite","Aceite o grasas",IF('Volúmenes DIstribuidos '!C52="Avena","Otros almidones",'Volúmenes DIstribuidos '!C52))) -> Carnes blancas | C128: SALIDA | D128: ='Volúmenes DIstribuidos '!D52 -> 7.18 | E128: =SUMIF('Parametros Inventario'!$A:$A,B128,'Parametros Inventario'!$B:$B)+SUMIFS(D$2:D128,B$2:B128,B128,C$2:C128,"ENTRADA")-SUMIFS(D$2:D128,B$2:B128,B128,C$2:C128,"SALIDA") -> 2197.268
A129: ='Volúmenes DIstribuidos '!B51 -> 44075 | B129: =IF(OR('Volúmenes DIstribuidos '!C53="Azúcar",'Volúmenes DIstribuidos '!C53="azúcar"),"Azúcar o dulce",IF('Volúmenes DIstribuidos '!C53="Aceite","Aceite o grasas",IF('Volúmenes DIstribuidos '!C53="Avena","Otros almidones",'Volúmenes DIstribuidos '!C53))) -> Vegetales y hojas | C129: SALIDA | D129: ='Volúmenes DIstribuidos '!D53 -> 19.566 | E129: =SUMIF('Parametros Inventario'!$A:$A,B129,'Parametros Inventario'!$B:$B)+SUMIFS(D$2:D129,B$2:B129,B129,C$2:C129,"ENTRADA")-SUMIFS(D$2:D129,B$2:B129,B129,C$2:C129,"SALIDA") -> 1878.206
A130: ='Volúmenes DIstribuidos '!B51 -> 44075 | B130: =IF(OR('Volúmenes DIstribuidos '!C54="Azúcar",'Volúmenes DIstribuidos '!C54="azúcar"),"Azúcar o dulce",IF('Volúmenes DIstribuidos '!C54="Aceite","Aceite o grasas",IF('Volúmenes DIstribuidos '!C54="Avena","Otros almidones",'Volúmenes DIstribuidos '!C54))) -> Menestras | C130: SALIDA | D130: ='Volúmenes DIstribuidos '!D54 -> 22.52 | E130: =SUMIF('Parametros Inventario'!$A:$A,B130,'Parametros Inventario'!$B:$B)+SUMIFS(D$2:D130,B$2:B130,B130,C$2:C130,"ENTRADA")-SUMIFS(D$2:D130,B$2:B130,B130,C$2:C130,"SALIDA") -> 1642.167
A131: ='Volúmenes DIstribuidos '!B51 -> 44075 | B131: =IF(OR('Volúmenes DIstribuidos '!C55="Azúcar",'Volúmenes DIstribuidos '!C55="azúcar"),"Azúcar o dulce",IF('Volúmenes DIstribuidos '!C55="Aceite","Aceite o grasas",IF('Volúmenes DIstribuidos '!C55="Avena","Otros almidones",'Volúmenes DIstribuidos '!C55))) -> Otros almidones | C131: SALIDA | D131: ='Volúmenes DIstribuidos '!D55 -> 10.19 | E131: =SUMIF('Parametros Inventario'!$A:$A,B131,'Parametros Inventario'!$B:$B)+SUMIFS(D$2:D131,B$2:B131,B131,C$2:C131,"ENTRADA")-SUMIFS(D$2:D131,B$2:B131,B131,C$2:C131,"SALIDA") -> 2165.699
...

Sheet Parametros Inventario
A1: Categoría | B1: Stock inicial (kg)
A2: Azúcar o dulce | B2: 1957
A3: Otros almidones | B3: 1371
A4: Fideo | B4: 1343
A5: Panadería | B5: 667
A6: Menestras | B6: 688
A7: Carnes rojas | B7: 627
A8: Carnes blancas | B8: 1370
A9: Lácteos | B9: 766
A10: Salsas | B10: 1475
A11: Vegetales y hojas | B11: 939
A12: Aceite o grasas | B12: 1413
